{"cameraMode":{"drawMode":0,"name":"Shaded","section":"Shading Mode"},"sceneLighting":false,"audioPlay":false,"sceneViewState":{"m_AlwaysRefresh":false,"showFog":false,"showSkybox":false,"showFlares":false,"showImageEffects":false,"showParticleSystems":false,"showVisualEffectGraphs":true,"m_FxEnabled":true},"in2DMode":false,"pivot":{"x":0.00004208087921142578,"y":0.8878078460693359,"z":-0.0833481028676033},"rotation":{"x":-0.13190031051635743,"y":0.6242527365684509,"z":-0.1079978421330452,"w":-0.7624039053916931},"size":1.0943361520767213,"orthographic":false}